Owners —;None
Alice Dias;28.783
Joaquim Meneses;42.614999999999995
Carlos Constantino;149.62099999999998
Joana Lopes;185.36199999999997
Alberto Leote;64.637
