UseCode;None
10.0;56.007000000000005
11.0;113.14399999999999
12.0;128.039
13.0;38.157
14.0;38.171
15.0;97.5
50.0;7494.936000000001
